{
    "Format": "1.28.0",
    "Changes": [
      {
        "Action": "Include",
        "FromFile": "assets/Dialogues/Dialogue.json",
        "LogName": "Lucikiel's Dialogue"
      },
      {
        "Action": "Include",
        "FromFile": "assets/Dialogues/SpeechBubbles.json",
        "LogName": "Lucikiel's Speech Bubbles"
      },
      {
        "Action": "Include",
        "FromFile": "assets/Data/Mail.json",
        "LogName": "Lucikiel's Mail"
      },
      {
        "LogName": "Lucikiel Translations",
        "Action": "Include",
        "FromFile": "Locale/{{language}}/content.json",
        "When": {
          "HasFile:{{FromFile}}": true
        },
      },
    ]
  }