{
  "Format": "1.4",
  "Changes": [
    {
      "Target": "Data/CompanionDispositions",
      "FromFile": "assets/Data/CompanionDisposition.json",
      "LogName": "Mateo's Companion Disposition"
    },
    {
      "Target": "Dialogue/Mateo",
      "FromFile": "assets/Dialogue/Mateo.json",
      "LogName": "Mateo's Dialogue"
    },
    {
      "Target": "Strings/Mail",
      "FromFile": "assets/Strings/Mail.json",
      "LogName": "Mateo's Mail"
    },
    {
      "Target": "Data/Buffs",
      "FromFile": "assets/Data/Buffs.json",
      "LogName": "Mateo's Buffs"
    },
    {
      "Target": "Data/AnimationDescriptions",
      "FromFile": "assets/Data/AnimationDescriptions.json",
      "LogName": "Mateo's Animation Descriptions"
    },
    {
      "Target": "Data/IdleBehaviors",
      "FromFile": "assets/Data/IdleBehaviors.json",
      "LogName": "Mateo's Idle Behaviors"
    },
    {
      "Target": "Data/IdleNPCDefinitions",
      "FromFile": "assets/Data/IdleNPCDefinitions.json",
      "LogName": "Mateo's Idle NPC Definitions"
    },
    {
      "Target": "Strings/Buffs",
      "FromFile": "assets/Strings/BuffDescriptions.json",
      "LogName": "Mateo's Buff Descriptions"
    },

    {
      "Target": "Strings/Weapons/Mateo",
      "FromFile": "assets/Data/MateoWeapons.json",
      "LogName": "Mateo's Weapons"
    },

    {
      "Target": "Strings/SpeechBubbles",
      "FromFile": "assets/Strings/SpeechBubbles.json",
      "LogName": "Mateo's Speech Bubbles"
    },
	{
      "Target": "Data/Swimsuits",
      "FromFile": "assets/Data/Swimsuits.json"
    },
  ]
}