{
  "ambient_Farm_Lavril": "Wow...",
  "ambient_Town_Lavril": "I love this place.",
  "ambient_Forest_Lavril": "I found a leaf with a hole in it!",
  "ambient_Woods_Lavril": "M-monsters!",
  "ambient_Mine_Lavril": "Um... We will try our best.",
  "ambient_UndergroundMine_Lavril": "I want to go home...",
  "ambient_Desert_Lavril": "It's so hot...",
  "ambient_Mountain_Lavril": "*Yawn*",
  "ambient_Railroad_Lavril": "I found a leaf with a hole in it!",
  "ambient_Beach_Lavril": "The ocean is so pretty!",
  "ambient_BugLand_Lavril": "Ewww!",
  "ambient_SkullCave_Lavril": "There's lots of angry flames around us...",
  "ambient_Sewer_Lavril": "...Krobus?",
  "ambient_WizardHouse_Lavril": "...",
  "ambient_Custom_ESOrchardHouse": "We're home.",
  "fight_Lavril": "G-go away!",
  "fight_Lavril~1": "It's scary!",
  "fight_Lavril~2": "Leave me alone!",
  "fight_Lavril~3": "Stay still, please?",
  "fight_Lavril~4": "You scare me...!",
  "fight_Lavril~5": "Bear-up!",
  "fight_Lavril~6": "G-go away!"
}