{
  "Format": "2.0",
  "Name": "RodneyOBrien",
  "Skills": [
    { "Name": "fighter",
      "isWarrior": true
    }
  ],

  "Rules": {
    "!f RodneyOBrien 1250": "reject",
    "f RodneyOBrien 1250": "accept"
  },
  
  "Buffs": {
	"Attack": 2,
	"Speed": 2,
	"MaxStamina": 75,
  },

  "BuffsDescription": "[RodneyOBrien.buffs]",
  
  
  "Weapons": {
    "0": "Elliott's Pencil",
    "2": "Cutlass",
    "4": "Templar's Blade",
    "5": "Tempered Broadsword",
    "7": "Dark Sword",
    "9": "Lava Katana",
    "10": "Dragontooth Cutlass"
  },
  
  "IdleBehaviors": [
	{
      "Behavior": "Animate",
      "Animations": [
        "RodneyOBrien_read",
        "RodneyOBrien_sunbathing"
      ],
      "Tendency": 3,
      "MinDuration": 10,
      "MaxDuration": 30
    },

	{
      "Behavior": "Lookaround",
      "FaceMinSeconds": 6,
      "FaceMaxSeconds": 10,
      "Tendency": 2.5,
      "MinDuration": 10,
      "MaxDuration": 30
    }
	]
}