{
  "ambient_Farm_Lucikiel": "How fascinating...",
  "ambient_Blacksmith_Lucikiel": "Yo, Clint.",
  "ambient_Blacksmith_Lucikiel~1": "What? Expecting someone else?",
  "ambient_Town_Lucikiel": "Lead the way.",
  "ambient_Forest_Lucikiel": "It's peaceful here.",
  "ambient_Woods_Lucikiel": "Don't overdo it.",
  "ambient_Woods_Lucikiel~1": "Keep an eye out for slimes.",
  "ambient_Mine_Lucikiel": "This will be fun!",
  "ambient_Mine_Lucikiel~1": "Prepare yourself.",
  "ambient_UndergroundMine_Lucikiel": "Clint is running low on ore.",
  "ambient_UndergroundMine_Lucikiel~1": "How troublesome. Where's the ladder?",
  "ambient_UndergroundMine_Lucikiel~2": "I wonder how far down this leads.",
  "ambient_Desert_Lucikiel": "I could have warped us here, {0}.",
  "ambient_Mountain_Lucikiel": "This isn't a field trip.",
  "ambient_Railroad_Lucikiel": "We should stop by the pool later.",
  "ambient_Beach_Lucikiel": "I like where this is going.",
  "ambient_BugLand_Lucikiel": "Be careful!",
  "ambient_SkullCave_Lucikiel": "This place is dangerous.",
  "ambient_Sewer_Lucikiel": "...A wretched den of filth.",
  "ambient_WizardHouse_Lucikiel": "I hate this place.",
  "fight_Lucikiel": "Don't get in my way!",
  "fight_Lucikiel~1": "Struggle is meaningless.",
  "fight_Lucikiel~2": "Blame your fate.",
  "fight_Lucikiel~3": "Hahaha!",
  "fight_Lucikiel~4": "You're wide open!",
  "fight_Lucikiel~5": "Reveal yourself, Barbatos!",
  "fight_Lucikiel~6": "Tch. I was careless.",
  "fight_Lucikiel~7": "Out of my sight!",
  "fight_Lucikiel~8": "One right after another...",
  "fight_Lucikiel~9": "No chance!"
}