{
  "Format": "1.4",
  "Changes": [
    {
      "Target": "Data/CompanionDispositions",
      "FromFile": "assets/Data/CompanionDispositions.json",
      "LogName": "Lavril's CompanionDispositions"
    },
    {
      "Target": "Dialogue/Lavril",
      "FromFile": "assets/Dialogue/Lavril.json",
      "LogName": "Lavril's Dialogue"
    },
    {
      "Target": "Strings/Mail",
      "FromFile": "assets/Strings/Mail.json",
      "LogName": "Lavril's Mail"
    },
    {
      "Target": "Data/Buffs",
      "FromFile": "assets/Data/Buffs.json",
      "LogName": "Lavril's Buffs"
    },
    {
      "Target": "Data/AnimationDescriptions",
      "FromFile": "assets/Data/AnimationDescriptions.json",
      "LogName": "Lavril's AnimationDescriptions"
    },
    {
      "Target": "Data/IdleBehaviors",
      "FromFile": "assets/Data/IdleBehaviors.json",
      "LogName": "Lavril's IdleBehaviors"
    },
    {
      "Target": "Data/IdleNPCDefinitions",
      "FromFile": "assets/Data/IdleNPCDefinitions.json",
      "LogName": "Lavril's IdleNPCDefinitions"
    },
    {
      "Target": "Strings/Buffs",
      "FromFile": "assets/Strings/Buffdescriptions.json",
      "LogName": "Lavril's Buffdescriptions"
    },

    {
      "Target": "Strings/Weapons/Lavril",
      "FromFile": "assets/data/lavril-weapons.json",
      "LogName": "Lavril's custom weapons"
    },

    {
      "Target": "Strings/SpeechBubbles",
      "FromFile": "assets/Strings/SpeechBubbles.json",
      "LogName": "Lavril's SpeechBubbles"
    }
  ]
}