{
  "Format": "2.0",
  "Name": "Lucikiel",
  "Skills": [
    { "Name": "fighter",
      "Strength": 3,
      "DefendRadius": 10,
      "IsWarrior": true
    }
  ],
  "Rules": {
    "O Lucikiel": "companionAccepted_Spouse",
    "!f Lucikiel 1250": "reject",
    "f Lucikiel 1250": "accept"
  },
  "Buffs": {
	"Attack": 3,
	"Speed": 3,
	"Defense": 3,
  },
  "BuffsDescription": "[Lucikiel.buffs]",
  
  "Weapons": {
    "0": null
  },

  "IdleBehaviors": [
	{
      "Behavior": "Animate",
      "Animations": [
        "lucikiel_fire",
        "bakugo",
        "portal"
      ],
      "Tendency": 3,
      "MinDuration": 10,
      "MaxDuration": 30
    },

	{
      "Behavior": "Lookaround",
      "FaceMinSeconds": 6,
      "FaceMaxSeconds": 10,
      "Tendency": 2.5,
      "MinDuration": 10,
      "MaxDuration": 30
    }
	]
}