{
    "Changes": [
      {
        "LogName": "Lavril/LavrilPack NPC Adventures Mail Data",
        "Action": "EditData",
        "Target": "Data/Mail",
        "Entries": {
                "purrplingcat.npcadventure.bagItemsSentLetter_Lavril": "Greetings @,^It's typical you would forget your own things. Lavril wouldn't stop worrying, so I'm sending this back to you.^Next time you leave things with us, they're going straight to the trash. But knowing Lavril, she would probably dig through the bin and send it back to you... Sigh.^^    - Void",
        },      
      },
    ]
  }
  