{
  "Format": "1.28.0",
  "Changes": [
    {
      "Action": "Include",
      "FromFile": "assets/Dialogues/Dialogue.json",
      "LogName": "Mateo's Dialogue"
    },
	{
      "Action": "Include",
      "FromFile": "assets/Dialogues/SpeechBubbles.json",
      "LogName": "Mateo's Speech Bubbles"
    },
	{
      "Action": "Include",
      "FromFile": "assets/Data/Mail.json",
      "LogName": "Mateo's Mail"
    },
	{
      "LogName": "Mateo Translations",
      "Action": "Include",
      "FromFile": "Locale/{{language}}/content.json",
      "When": {
        "HasFile:{{FromFile}}": true
      },
    },
  ]
}